id;interactive;language;city;address;gps_lat;gps_lng;title;text;question;options;correct_index;reality;explanation;routes;persons;tags
SD-1001-RU;False;ru;spb;Невский проспект;59.93256;30.34827;Невский — пульс Петербурга;Невский проспект — это живая артерия города, что бьётся с XVIII века, соединяя Адмиралтейство с дальними окраинами. Здесь звенят шаги купцов, шорох платьев дам и гул карет, что несут прошлое в наши дни. Каждый дом — как страница летописи, где ветер шепчет о былой славе. Пройдись вдоль — и вдохни этот вечный ритм северной столицы.;;;;fact;Проспект спланирован как главная ось города ещё при Петре I.;RT-0001;;"архитектура;история"
QZ-005-RU;True;ru;spb;Заячий остров, Петропавловская крепость, д. 3;59.95027;30.31646;Кто начал крепость?;На Заячьем острове стоит Петропавловская крепость — колыбель города.;Кто заложил первый камень этой твердыни?;"Пётр I царь-реформатор;Екатерина II императрица роскоши;Андрей Воронихин строитель храмов;Пётр III тень на троне";0;fact;Пётр I начал строительство в 1703 году чтобы защитить устье Невы.;RT-0001;Пётр I;"история;архитектура"
SD-0102-RU;False;ru;spb;Михайловский замок;59.93805;30.34223;Тень Павла I в замке;В Михайловском замке, где Павел I встретил свой конец в 1801 году, до сих пор витает его неспокойный дух. Говорят, в ночи слышен скрип шагов и шорох мантии — император бродит по залам, ища покоя. Тёмные коридоры хранят эхо заговора, что оборвал его жизнь. Загляни сюда в сумерках — вдруг его взгляд из окна коснётся тебя.;;;;legend;Павел I был убит заговорщиками в своей спальне.;RT-0012;Павел I;"мистика;императоры"
SD-0061-RU;False;ru;spb;Малая Морская улица;59.93319;30.30762;Призрак Достоевского над мостовой;На Малой Морской улице, в тумане сырого вечера, старожилы видят призрак Достоевского, что бродит меж домов. Его шаги звучат, как строки «Преступления и наказания», а взгляд ищет героев в тенях переулков. Легенда гласит, что он любил этот уголок за его мрачный дух. Вглядись в полумрак — не мелькнёт ли его фигура в плаще?;;;;legend;Достоевский черпал вдохновение в этих улицах.;RT-0020;Фёдор Достоевский;"мистика;литература"
QZ-010-RU;True;ru;moscow;Москва, Красная площадь;55.75390;37.62080;Тайна рождения площади;Красная площадь — сердце Москвы, что бьётся веками.;В каком веке она обрела свой облик, став символом столицы?;"XIV век время тёмных башен;XV век эпоха Ивана III;XVI век расцвет Кремля;XVII век годы смуты";2;fact;Красная площадь сформировалась в XVI веке после перестройки Кремля.;RT-0501;Иван III;"архитектура;Москва"
SD-0052-RU;False;ru;spb;Казанская площадь;59.93428;30.32442;Тайны Казанского собора;Казанский собор вознёс свои колонны над Петербургом, как страж веры и красоты. Его камни шепчут о замыслах Воронихина, что вплёл в них тайные знаки эпохи. Здесь молились цари, а ветер нёс их обеты к небу. Подойди к колоннаде — и найди в узорах отголоски прошлого.;;;;fact;Собор строился с 1801 по 1811 годы как символ победы.;RT-0005;Андрей Воронихин;"религия;архитектура"
SD-0052-RU;False;ru;spb;Казанская площадь;59.93428;30.32442;Тайны Казанского собора;Казанский собор — это не просто храм, а загадка, высеченная в камне над площадью. Его колонны хранят шёпот молитв и тайны мастера, что воздвиг их к облакам. Вечерами тут витает дух торжеств и побед, что видели эти стены. Встань у входа — и почувствуй, как время замирает.;;;;fact;Собор стал памятником победы над Наполеоном.;RT-0005;Андрей Воронихин;"религия;архитектура"
SD-0061-RU;False;ru;spb;Малая Морская улица;59.93319;30.30762;Призрак Достоевского на Малой Морской;В сумраке Малой Морской улицы бродит тень Достоевского, чьи шаги звучат, как эхо его тревожных строк. Говорят, он приходит сюда, где когда-то находил лица для своих романов, вглядываясь в прохожих. Местные клянутся, что слышали его шёпот в ветре. Остановись тут ночью — не услышишь ли ты его голос?;;;;legend;Этот район вдохновлял писателя на мрачные сюжеты.;RT-0002;Фёдор Достоевский;"мистика;литература"
SD-0102-RU;False;ru;spb;Михайловский замок;59.93805;30.34223;Призрак Павла I в Михайловском замке;В марте 1801 года в залах Михайловского замка оборвалась жизнь Павла I, и с тех пор его тень не покидает эти стены. Ночью тут слышны шаги, шорох плаща и тихий стон — будто император всё ещё ищет правду среди зеркал. Легенда гласит, что стража видела его силуэт у окна в роковые часы. Загляни сюда в полумраке — не мелькнёт ли его взгляд из прошлого?;;;;legend;Убийство Павла I стало одной из мрачных тайн русской истории.;RT-0004;Павел I;"мистика;императорская история"
SD-0144-RU;False;ru;spb;Невский проспект;59.93205;30.34685;Аничков мост — укротители времени;Аничков мост, перекинутый через Фонтанку в 1841 году, — старейший страж реки, украшенный бронзовыми укротителями коней работы Клодта. Его камни видели царей и революции, а кони, кажется, рвутся в вечность. Здесь шум воды сливается с гулом города, храня память о прошлом. Пройдись по мосту — и почувствуй, как он соединяет эпохи.;;;;fact;Скульптуры сделали мост символом мощи и красоты Петербурга.;RT-0006;Пётр Клодт;"архитектура;город"
SD-0201-RU;False;ru;spb;Площадь Стачек, 5;59.90306;30.27472;Площадь Стачек — эхо народного гнева;На площади Стачек в начале XX века гремели митинги, где рабочие Нарвской заставы поднимали голоса за перемены. Отсюда шли колонны к центру города, их шаги сотрясали мостовые, а крики рвали тишину. Площадь назвали в честь их стачек — память о борьбе высечена в её камнях. Встань здесь — и услышишь отголоски тех бурных дней.;;;;fact;События Кровавого воскресенья 1905 года начались неподалёку.;RT-0022;;"история;революция"
SD-0203-RU;False;ru;spb;Малая Морская улица;59.93319;30.30762;Малая Морская — нить Адмиралтейства;Малая Морская улица родилась в XVIII веке в сердце Адмиралтейской слободы, где ремесленники Петра I ковали флот. Их топоры и молоты звенели среди деревянных хижин, пока пожар 1736 года не открыл путь каменной застройке. Теперь тут шепчет ветер о кораблях и труде минувших дней. Шагни вдоль — и вдохни запах смолы былых времён.;;;;fact;Улица стала одной из первых каменных в городе.;RT-0020;;"архитектура;история"
SD-0204-RU;False;ru;spb;Малая Морская улица, 13;59.93305;30.30801;Глинка и дом мелодий;В доме №13 на Малой Морской в 1830-х годах Михаил Глинка ткал ноты «Жизни за царя», вплетая в них душу Петербурга. Здесь, в отблесках свечей, собирались музыканты, и воздух дрожал от звуков скрипок и голосов. Город за окнами пел вместе с ним, рождая русскую оперу. Загляни сюда — вдруг услышишь эхо тех вдохновенных ночей.;;;;fact;Глинка заложил основы национальной музыки в этих стенах.;RT-0020;Михаил Глинка;"музыка;культура"
SD-0205-RU;False;ru;spb;Малая Морская улица, 9;59.93298;30.30845;Тень Достоевского на Малой Морской;По легенде, в полумраке Малой Морской у дома №9 бродит призрак Достоевского, чьи шаги звучат, как строки его мрачных повестей. Говорят, он навещал здесь друга, черпая вдохновение в угрюмых переулках для своих героев. Местные клянутся, что видели его силуэт в тумане. Остановись тут — не шепнёт ли он тебе свою тайну?;;;;legend;Этот район питал фантазии писателя о судьбах и грехах.;RT-0020;Фёдор Достоевский;"мистика;литература"
SD-0162-RU;False;ru;spb;Вознесенский проспект;59.93052;30.30601;Вознесенский — брат Невского;Вознесенский проспект, рождённый после пожаров 1736–1737 годов, — часть трёхлучевого замысла Еропкина, что пронзает Петербург от Адмиралтейства к Фонтанке. Он — младший брат Невского, но не менее гордый, с камнями, что помнят порядок и хаос города. Здесь ветер несёт отголоски строек и мечты о величии. Пройдись вдоль — и ощути его строгую гармонию.;;;;fact;Проспект — ключ к планировке города XVIII века.;RT-0020;Пётр Еропкин;"архитектура;история"
SD-0163-RU;False;ru;spb;Вознесенский проспект;59.93052;30.30601;Рождение Вознесенского;В 1737 году Комиссия о Санкт-Петербургском строении вдохнула жизнь в Вознесенскую проспективную улицу, а в 1738-м имя закрепилось навек. После пожаров она стала стержнем нового порядка, вытянув город вдоль своих линий. Камни тут дышат замыслами зодчих, что ткали будущее. Шагни сюда — и почувствуй, как растёт Петербург.;;;;fact;Улица стала частью трёхлучевой системы города.;RT-0020;;"городское планирование;архитектура"
SD-0164-RU;False;ru;spb;Вознесенский проспект;59.93052;30.30601;Имя от исчезнувшего храма;Вознесенский проспект получил имя от Вознесенской церкви, что канула в Лету, но оставила след в 1775 году, когда название стало вечным. Храм исчез, а улица осталась — как память о молитвах и колоколах. Её камни хранят шёпот прошлого, что не смолкает. Пройдись тут — и найди эхо той утраченной святыни.;;;;fact;Церковь стояла у истоков проспекта, но не пережила веков.;RT-0020;;"религия;архитектура;город"
SD-0165-RU;False;ru;spb;Вознесенский проспект;59.93052;30.30601;Имена сквозь время;С 1923 по 1991 год Вознесенский проспект звался Майорова — в честь комиссара Гражданской войны, чья кровь запеклась в истории. В 1991-м старое имя вернулось, как птица, что сбросила оковы советских лет. Улица молча пережила эти смены, храня слои эпох. Встань здесь — и подумай, какое имя ей ближе.;;;;fact;Майоров погиб в 1919 году, но Вознесенский победил время.;RT-0020;;"топонимика;архитектура;город"
SD-0166-RU;False;ru;spb;Вознесенский проспект;59.93052;30.30601;Протяжённость и расположение проспекта;Вознесенский проспект тянется на 1,77 км — от Адмиралтейства до Фонтанки, где он уходит дальше. Это нить, которая связывает центр города, короткая, но живая.;;;;fact;;RT-0020;;"транспорт;архитектура;город;"
SD-0167-RU;False;ru;spb;Вознесенский проспект;59.93052;30.30601;Известные жители Вознесенского проспекта;Достоевский, Соловьёв, Балакирев, Пушкин — гении ступали по этим камням. Их шаги рождали строки и ноты, которые до сих пор звучат в мире.;;;;fact;;RT-0020;Фёдор Достоевский;"персоналии;литература;культура;;"
SD-0168-RU;False;ru;spb;Вознесенский проспект;59.93052;30.30601;Вознесенский проспект в литературе;Гоголь в «Носе» и Достоевский в «Униженных и оскорблённых» вдохновлялись этой улицей. Её углы и запахи легли в основу их мрачных, живых страниц.;;;;fact;;RT-0020;Фёдор Достоевский;"персоналии;литература;культура;;"
SD-0169-RU;False;ru;spb;Вознесенский проспект;59.93052;30.30601;Архитектурное наследие Вознесенского проспекта;Проспект сформировал облик города — парадные и дома хранят его старину. Каждое здание — кусочек пазла, из которого сложился центр Петербурга.;;;;fact;;RT-0020;;"архитектура;наследие;;"
SD-0170-RU;False;ru;spb;Вознесенский проспект;59.93052;30.30601;Вознесенский проспект и мосты;Мойка и канал Грибоедова протекают под проспектом, связывая его с водой. Мосты скрипят под ногами, а река уносит городские тайны дальше.;;;;fact;;RT-0020;;"гидрография;мосты;;"
SD-0171-RU;False;ru;spb;Вознесенский проспект;59.93052;30.30601;Вознесенский проспект и Адмиралтейская перспектива;Он — часть «Невского трезубца», расходящегося от Адмиралтейства лучами. Вместе с Невским проспектом и Гороховой улицей они образуют звезду города, вечную и строгую.;;;;fact;;RT-0020;;"архитектура;градостроительство;;"
SD-0145-RU;False;ru;spb;Дворцовая площадь;59.9398;30.3146;История Дворцовой площади;Дворцовая площадь — сердце Санкт-Петербурга, место исторических событий и парадов, начиная с XVIII века до наших дней.;;;Площадь объединяет архитектурные памятники и революционные события.;fact;;RT-0001;Александр I;"архитектура;история;религия;"
QZ-011-RU;true;ru;spb;Исаакиевская площадь, д. 4;59.9332;30.3060;Купол Исаакия;;Какой металл использовался при покрытии купола Исаакиевского собора?;"Золото;Медь;Железо;Свинец";0;fact;Купол покрыт золотом нанесённым по специальной технологии амальгамирования.;RT-0010;Огюст Монферран;"архитектура;религия"
SD-0146-RU;False;ru;spb;Исаакиевская площадь;59.9332;30.3060;Тайны Исаакиевского собора;Собор строился 40 лет и был крупнейшим православным храмом в России в XIX веке.;;;Монферран прожил всего год после завершения строительства собора.;fact;;RT-0010;Огюст Монферран;"религия;архитектура"
SD-0147-RU;False;ru;spb;Сенатская площадь;59.9337;30.3029;Восстание декабристов;В 1825 году здесь произошло восстание декабристов — первая попытка изменить самодержавие.;;;Многие участники были казнены или сосланы, но идея свободы осталась жить.;;;RT-0011;Павел Пестель;"история;революция"
QZ-012-RU;True;ru;spb;Санкт-Петербург, Сенатская площадь;59.93370;30.30290;Чей памятник видел бунт?;Сенатская площадь в 1825 году стала ареной восстания декабристов.;Чей бронзовый взгляд следил за дерзостью декабристов 14 декабря?;"Пётр I;Николай I;Александр I;Павел I";0;fact;Медный всадник — памятник Петру I — был немым свидетелем восстания.;RT-0011;Пётр I;"история;революция"
SD-0144-RU;False;ru;spb;Невский проспект;59.93205;30.34685;Аничков мост — страж Фонтанки;Аничков мост, возведённый в 1841 году, — старейший над Фонтанкой, где бронзовые кони Клодта рвутся в вечность. Его арки помнят цокот копыт и шум города, что рос вокруг. Скульптуры укротителей стали символом силы и красоты Петербурга. Пройдись по нему — и услышишь, как река шепчет о прошлом.;;;;fact;Мост перестроили в камне, чтобы выдержать парады.;RT-0006;Пётр Клодт;"архитектура;город"
SD-0052-RU;False;ru;spb;Казанская площадь;59.93428;30.32442;Тайны Казанского собора;Казанский собор вознёс свои колонны над Петербургом, как каменный гимн вере и славе. Его стены скрывают замыслы Воронихина, а тени хранят молитвы царей. Здесь ветер несёт эхо побед и торжеств XIX века. Встань у входа — и найди в камнях отголоски былого величия.;;;;fact;Собор построен в 1801–1811 годах как символ триумфа над Наполеоном.;RT-0005;Андрей Воронихин;"архитектура;религия"
QZ-005-RU;True;ru;spb;Заячий остров, Петропавловская крепость, д. 3;59.95027;30.31646;Рождение города;В 1703 году на Заячьем острове выросла Петропавловская крепость — первый камень Петербурга.;Кто бросил вызов болотам, заложив эту твердыню?;"Пётр I;Екатерина II;Василий Татищев;Андрей Воронихин";0;fact;Пётр I начал строительство 27 мая 1703 года чтобы защитить Неву.;RT-0001;Пётр I;"история;архитектура"
SD-0102-RU;False;ru;spb;Михайловский замок;59.93805;30.34223;Шаги Павла I в ночи;В марте 1801 года Михайловский замок стал последним приютом Павла I, чья жизнь оборвалась от рук заговорщиков. Ночью тут слышны шаги и шорох мантии — его тень всё ещё бродит по залам, ища покоя. Говорят, стража видела его силуэт у окна в час смерти. Загляни сюда в сумерках — не коснётся ли тебя его взгляд?;;;;legend;Убийство произошло в спальне императора.;RT-0004;Павел I;"мистика;императорская история"
SD-0064-RU;False;ru;spb;Малая Морская улица;59.93338;30.30773;Малая Морская — эхо верфей;В XVIII веке Малая Морская родилась в тени Адмиралтейской слободы, где ремесленники Петра I стучали молотами для флота. Пожар 1736 года спалил лачуги, и улица оделась в камень, став крепкой, как корабельный борт. Здесь ветер до сих пор несёт запах смолы и соли. Шагни вдоль — и услышишь труд минувших дней.;;;;fact;Каменная застройка сделала её одной из первых прочных улиц.;RT-0020;;"история;архитектура"
SD-0065-RU;False;ru;spb;Малая Морская улица, 13;59.93305;30.30845;Глинка и ноты дома №13;В 1830-х годах в доме №13 на Малой Морской Михаил Глинка творил «Жизнь за царя», вплетая в ноты шум Петербурга. Здесь, в свете свечей, звучали скрипки и голоса друзей-музыкантов, рождая русскую оперу. Стены впитали его мелодии, что стали вечными. Загляни сюда — вдруг услышишь их отголоски.;;;;fact;Глинка заложил основы национальной музыки в этих комнатах.;RT-0020;Михаил Глинка;"музыка;культура"
SD-0066-RU;False;ru;spb;Малая Морская улица, 9;59.93293;30.30888;Призрак Достоевского в тенях;Легенда шепчет, что у дома №9 на Малой Морской бродит тень Достоевского, чьи шаги звучат в тумане, как строки его романов. Он бывал здесь у друга, впитывая мрак улиц для своих героев. Местные клянутся, что видели его силуэт в плаще. Вглядись в полумрак — не шепнёт ли он тебе сюжет?;;;;legend;Район вдохновлял писателя на мрачные образы.;RT-0020;Фёдор Достоевский;"мистика;литература"
SD-0067-RU;False;ru;spb;Вознесенский проспект;59.93132;30.30948;Вознесенский — луч Еропкина;После пожаров 1736–1737 годов Вознесенский проспект вырос по плану Еропкина, пронзив город от Адмиралтейства к Фонтанке. Его камни — часть великой перспективы Петербурга, где каждый шаг дышит замыслом зодчего. Ветер тут несёт запах смолы и мечты о славе. Пройдись вдоль — и ощути, как город раскрывается.;;;;fact;Проспект — один из трёх лучей Невского трезубца.;RT-0021;Пётр Еропкин;"архитектура;история"
SD-0068-RU;False;ru;spb;Вознесенский проспект;59.93099;30.30989;Имя, что вернулось;С 1923 по 1991 год Вознесенский проспект звался Майорова — в честь комиссара, чья жизнь оборвалась в Гражданскую войну, но в 1991-м старое имя вернулось, как эхо прошлого. Улица пережила эти смены молча, храня память о храме и революциях. Камни тут шепчут о спорах времени. Пройдись вдоль — и подумай, какое имя ей ближе.;;;;fact;Майоров погиб в 1919 году, но Вознесенский остался вечным.;RT-0021;;"топонимика;история"
QZ-011-RU;True;ru;spb;Казанская площадь, 2;59.93428;30.32442;Зодчий Казанского собора;Казанский собор парит над площадью, как каменный венец XIX века.;Кто воздвиг этот храм, вдохнув в него дух империи?;"Карл Росси мастер парадов;Андрей Воронихин сын крепостных;Леблон Бенуа гений из Франции;Андреян Захаров строитель флота";1;fact;Андрей Воронихин создал собор в стиле ампир с 1801 по 1811 годы.;RT-0005;Андрей Воронихин;"архитектура;религия"
QZ-020-RU;True;ru;spb;Дворцовая площадь;59.93983;30.31575;Голос революции;Гулкий выстрел с корабля разорвал тишину Дворцовой площади в 1917 году, призвав к штурму Зимнего.;Какой корабль дал сигнал к Октябрю?;"Крейсер «Аврора»;«Потёмкин»;«Варяг»;«Орёл»";0;fact;Выстрел «Авроры» 25 октября 1917 года стал началом штурма.;RT-0003;В.И.Ленин;"революция;история"
SD-0116-RU;False;ru;spb;Петроградская набережная, д. 2;59.95575;30.33755;«Аврора» — страж истории;Крейсер «Аврора» — живая легенда, что прошла три войны и блокаду, став символом революции и музеем на воде. Её пушки гремели в 1917-м, а корпус хранит шрамы времени. Теперь она стоит у Невы, рассказывая о славе и борьбе. Подойди ближе — и услышишь эхо её выстрелов.;;;;fact;Спущена на воду в 1900 году, стала музеем в 1956-м.;RT-0003;В.И.Ленин;"революция;флот"
QZ-021-RU;True;ru;spb;Петроградская набережная;59.95575;30.33755;Рождение «Авроры»;Крейсер «Аврора» — символ революции, что стоит у Невы.;В каком году этот корабль впервые коснулся воды?;"1895 преддверие века;1900 начало пути;1905 год бурь;1912 эхо войн";1;fact;«Аврора» спущена на воду 11 мая 1900 года в Петербурге.;RT-0003;;"флот;история"
SD-0117-RU;False;ru;spb;Невский проспект, 28;59.93200;30.34600;Казанский собор — храм побед;Казанский собор на Невском, вдохновлённый собором Святого Петра в Риме, вознёсся в начале XIX века как гимн русской славе. Его колонны хранят трофеи войн и прах Кутузова, а стены шепчут о триумфах. Здесь время застыло в камне и молитвах. Встань под куполом — и вдохни величие прошлого.;;;;fact;Собор освящён в 1811 году как памятник победы над Наполеоном.;RT-0005;Андрей Воронихин;"архитектура;религия"
SD-0154-RU;False;ru;spb;Зимняя канавка;59.94102;30.31201;Зимняя канавка — шёпот воды;Зимняя канавка — кроха в 228 метров, что соединяет Неву с Мойкой, сотворённая Валлен-Деламотом в XVIII веке. Её воды текут под аркой Эрмитажа, создавая один из самых живописных видов города. Здесь шепчутся волны и камни, храня тайны Петербурга. Пройдись вдоль — и поймай этот тихий миг красоты.;;;;fact;Канавка — самая короткая водная артерия города.;RT-0003;Жан-Батист Валлен-Деламот;"архитектура;река"
QZ-012-RU;True;ru;spb;Исаакиевская площадь, д. 4;59.93477;30.30861;Мастер Исаакия;Исаакиевский собор возвышается над площадью, как каменный исполин.;Кто вложил душу в этот храм, строя его 40 лет?;"Огюст Монферран зодчий куполов;Карл Росси гений парадов;Андреян Захаров сын флота;Василий Баженов мечтатель камня";0;fact;Огюст Монферран строил собор с 1818 по 1858 годы.;RT-0007;Огюст Монферран;"архитектура;религия"
SD-0180-RU;False;ru;spb;Биржевая площадь;59.94438;30.30688;Ростральные колонны — маяки славы;Ростральные колонны на Биржевой площади возвышаются как символ морской мощи России, их огонь зажигали в дни триумфов и визитов. Это не просто столпы — маяки, что вели корабли по Неве. Их бронза хранит дыхание побед. Загляни сюда в праздник — и увидишь, как пламя оживает.;;;;fact;Колонны построены в 1810 году по проекту Тома де Томона.;RT-0009;Тома де Томон;"архитектура;флот"
QZ-014-RU;True;ru;spb;Малая Морская улица;59.93319;30.30762;Тень в переулках;Легенды Малой Морской шепчут о призраке, что бродит в её тенях.;Чья тень, по слухам, ищет вдохновение среди домов этой улицы?;"Фёдор Достоевский;Александр Пушкин;Павел I;Анна Ахматова";0;legend;Достоевский бывал тут, и его образ стал частью мифов улицы.;RT-0002;Фёдор Достоевский;"мистика;литература"
SD-0122-RU;False;ru;spb;Театральная площадь;59.92599;30.29590;Мариинка — голос веков;Мариинский театр, открытый в 1860 году в честь Марии Александровны, супруги Александра II, стал сценой, где расцвели звёзды русского балета и оперы. Здесь воздух дрожит от арий и шороха пуантов, а стены хранят эхо великих талантов. Сегодня он — живая легенда, зовущая мир в свои залы. Пройдись у театра — и услышишь мелодию вечности.;;;;fact;Театр остаётся одним из лучших в мире по акустике и мастерству.;RT-0010;;"искусство;театр"
SD-0146-RU;False;ru;spb;Сенатская площадь;59.93354;30.30346;Декабристы — крик свободы;14 декабря 1825 года Сенатская площадь вспыхнула восстанием декабристов, чьи голоса требовали Конституции и конца цепей. Их смелость разорвала морозный воздух, оставив след в камнях и истории. Жестокий разгон не стёр их мечты о свободе. Встань здесь — и вдохни отголоски того дерзкого дня.;;;;fact;Пётр Каховский застрелил генерала Милорадовича во время бунта.;RT-0002;Пётр Каховский;"история;революция"
QZ-015-RU;True;ru;spb;Санкт-Петербург, Сенатская площадь;59.93354;30.30346;Вождь декабристов;Восстание декабристов 1825 года потрясло Сенатскую площадь.;Кто встал во главе бунта, призывая к свободе под тенью Медного всадника?;"Сергей Муравьёв-Апостол;Павел Пестель;Кондратий Рылеев;Никита Муравьёв";2;fact;Кондратий Рылеев был ключевым лидером и вдохновителем восстания.;RT-0002;Кондратий Рылеев;"история;революция"
SD-0147-RU;False;ru;spb;Аничков мост;59.93180;30.34210;Кони Клодта над Фонтанкой;Аничков мост славен не только стариной, но и бронзовыми укротителями коней Клодта, что стали душой Петербурга. Более десяти лет мастер ваял эти фигуры, вложив в них силу и грацию. Их взгляд провожает каждого, кто шагает над рекой. Остановись тут — и почувствуй, как кони рвутся в вечность.;;;;fact;Скульптуры установлены в 1841 году и стали символом города.;RT-0006;Пётр Клодт;"искусство;архитектура"
QZ-016-RU;True;ru;spb;Аничков мост;59.93180;30.34210;Мастер коней;Аничков мост охраняют бронзовые кони, что стали легендой.;Чья рука укротила этих коней, высекая их в вечности?;"Карл Росси зодчий парадов;Пётр Клодт гений бронзы;Бартоломео Растрелли мастер дворцов;Александр Бенуа художник снов";1;fact;Пётр Клодт создал скульптуры, завершив работу в 1841 году.;RT-0006;Пётр Клодт;"искусство;архитектура"
SD-0148-RU;False;ru;spb;Дворцовая площадь;59.93980;30.31460;Зимний — трон империи;Зимний дворец на Дворцовой площади — былой дом царей, ныне сокровищница Эрмитажа, где вершилась судьба России. Его залы помнят шаги Екатерины II и гул штурма 1917 года. Камни дышат величием и бурями эпох. Шагни сюда — и вдохни дыхание истории.;;;;fact;Штурм 25 октября 1917 года стал началом Октябрьской революции.;RT-0001;Екатерина II;"архитектура;революция"
QZ-017-RU;True;ru;spb;Дворцовая площадь;59.93980;30.31460;Хозяин Зимнего;Зимний дворец на Дворцовой площади хранит тени императоров.;Кто из них дольше всех правил из этих стен, оставив след в веках?;"Николай I страж порядка;Пётр I отец города;Екатерина II царица славы;Александр III тень силы";2;fact;Екатерина II правила 34 года, с 1762 по 1796, и жила в Зимнем.;RT-0001;Екатерина II;"архитектура;империя"
SD-0133-RU;False;ru;spb;Зимний дворец;59.93984;30.31335;Зимний — сердце империи;Зимний дворец с XVIII века был резиденцией царей, а ныне — частью Эрмитажа, где каждый зал — страница истории России. Его барочные стены видели триумфы Екатерины и крики революций. Он пережил войны и пожары, оставаясь символом города. Встань перед ним — и ощути, как бьётся пульс эпох.;;;;fact;Дворец построен в 1754–1762 годах по проекту Растрелли.;RT-0001;Екатерина II;"история;императорская история"
QZ-021-RU;True;ru;spb;Зимний дворец;59.93984;30.31335;Гений Зимнего;Зимний дворец — это не просто стены, а эпоха, высеченная в камне.;Чья рука сотворила этот дворец, что стал домом царей?;"Андрей Воронихин мастер храмов;Бартоломео Растрелли барокко гений;Карл Росси зодчий площадей;Матвей Казаков сын Москвы";1;fact;Бартоломео Растрелли спроектировал дворец, завершив его в 1762 году.;RT-0001;Бартоломео Растрелли;"архитектура;история"
SD-0142-RU;False;ru;spb;Дворцовая площадь;59.93901;30.31565;Колонна Александра — вызов небесам;Александровская колонна вознеслась на Дворцовой площади в честь победы над Наполеоном, её 600 тонн держатся лишь силой тяжести. Этот монумент, рождённый в 1834 году, удивляет инженеров и ныне. Она парит над городом, как вечный страж славы. Подойди ближе — и почувствуй её немую мощь.;;;;fact;Колонна — дар Николаю I от Огюста Монферрана.;RT-0001;Николай I;"архитектура;военная история"
QZ-033-RU;True;ru;spb;Дворцовая площадь;59.93901;30.31565;Страж площади;Дворцовая площадь сияет величием, но что возвышается в её сердце?;Чей монумент парит в центре Дворцовой площади, знаменуя славу?;"Казанский собор;Пётр I;Александровская колонна;Триумфальная арка";2;fact;Александровская колонна воздвигнута в 1834 году в честь победы над Наполеоном.;RT-0001;Николай I;"архитектура;история"
SD-0150-RU;False;ru;spb;Медный всадник;59.93574;30.30275;Медный всадник — скакун вечности;Медный всадник, рождённый в 1782 году рукой Этьена Фальконе по воле Екатерины II, вознёс Петра I над Невой как символ мощи и славы. Его бронза дышит решимостью, а взгляд пронзает века. Легенда шепчет: пока он стоит, Петербург непобедим. Встань у подножия — и ощути, как история скачет рядом.;;;;fact;Памятник открыт 7 августа 1782 года и стал первым конным монументом России.;RT-0003;Пётр I;"скульптура;история"
SD-0145-RU;False;ru;spb;Невский проспект, 20;59.93276;30.34597;Елисеевский — храм роскоши;На Невском, 20, стоит Елисеевский магазин, возведённый в стиле модерн в 1902–1903 годах, — гастрономический дворец купцов Елисеевых. Его витражи и стеклянный купол манят, как сказка, а стены хранят шёпот дореволюционной роскоши. Здесь время застыло в блеске витрин. Загляни внутрь — и вдохни аромат былого изобилия.;;;;fact;Магазин открылся в 1907 году и стал чудом эпохи.;RT-0006;;"архитектура;торговля"
QZ-012-RU;True;ru;spb;Невский проспект, 20;59.93276;30.34597;Стиль Елисеевского;На Невском, 20, Елисеевский магазин сияет, как жемчужина прошлого.;В каком стиле воздвигнут этот дворец вкуса?;"Барокко;Модерн;Ампир;Классицизм";1;fact;Здание построено в стиле модерн Гавриилом Барановским в 1902–1903 годах.;RT-0006;;"архитектура;история;"
SD-0146-RU;False;ru;spb;Казанская площадь, 3;59.93405;30.32433;Кутузов — страж собора;Перед Казанским собором возвышается памятник Кутузову, герою 1812 года, чья бронза хранит память о победах над Наполеоном. Установленный в 1837 году Борисом Орловским, он смотрит на город, как вечный дозорный. Здесь слава войны сливается с тишиной храма. Подойди ближе — и вдохни его непреклонную силу.;;;;fact;Кутузов похоронен внутри собора, что делает памятник ещё значимее.;RT-0005;Кутузов;"архитектура;военная история"
QZ-013-RU;True;ru;spb;Казанская площадь, 3;59.93405;30.32433;Время Кутузова;Перед Казанским собором замер в бронзе великий полководец.;В каком году его монумент встал у стен храма?;"1812;1820;1837;1855";2;fact;Памятник Кутузову открыт 25 декабря 1837 года.;RT-0005;Кутузов;"архитектура;история"
SD-0141-RU;False;ru;spb;Стрелка Васильевского острова;59.94424;30.30544;Стрелка — дыхание Невы;Стрелка Васильевского острова, где Нева делится на рукава, — знаковое сердце города, увенчанное ростральными колоннами морской славы. Их пламя зажигается в праздники, озаряя воды, что несут тайны Петербурга. Здесь река и камень сливаются в вечном танце. Пройдись у колонн — и услышишь шёпот волн.;;;;fact;Колонны — маяки, построенные в 1810 году Тома де Томоном.;RT-0013;Тома де Томон;"архитектура;город"
QZ-011-RU;True;ru;spb;Стрелка Васильевского острова;59.94424;30.30544;Огонь Стрелки;Ростральные колонны на Стрелке — стражи Невы, что оживают в праздники.;Что вспыхивает на их вершинах, приветствуя торжества?;"Электрический свет луч нового;Газовое пламя жар прошлого;Фейерверк миг славы;Фонари тень ночи";1;fact;Газовое пламя зажигается на колоннах с 1957 года по особым дням.;RT-0013;;"традиции;город"
SD-0133-RU;False;ru;spb;Петропавловская крепость;59.95038;30.31662;Колыбель Петербурга;Петропавловская крепость, заложенная Петром I 27 мая 1703 года, — старейший камень города, с которого началась Северная столица. Её стены выросли на Заячьем острове, охраняя Неву от врагов. Здесь время шепчет о первых шагах империи. Встань у бастионов — и ощути, как бьётся её сердце.;;;;fact;Крепость — первый шаг к мечте Петра о великой России.;RT-0001;Пётр I;"история;архитектура"
QZ-012-RU;True;ru;spb;Петропавловская крепость;59.95038;30.31662;Рождение крепости;Петропавловская крепость — начало пути Петербурга.;В каком году Пётр I заложил эту твердыню на Заячьем острове?;"1699 преддверие мечты;1703 год судьбы;1714 время роста;1721 триумф мира";1;fact;27 мая 1703 года Пётр I начал строительство, дав жизнь городу.;RT-0001;Пётр I;"история;архитектура"
SD-0177-RU;False;ru;spb;Летний сад;59.94573;30.34363;Летний сад — мечта Петра;Летний сад, заложенный в 1704 году по воле Петра I, стал первым цветением европейского стиля в Петербурге — с фонтанами, статуями и строгими аллеями. Здесь журчала вода, а мраморные боги шептались с ветром, создавая царский рай. Это было любимое детище императора, его окно в Европу. Пройдись меж деревьев — и услышишь эхо тех первых струй.;;;;fact;Сад вдохновлён Версалем и стал прообразом парков России.;RT-0016;Пётр I;"сад;архитектура"
QZ-013-RU;True;ru;spb;Летний сад;59.94573;30.34363;Чей сад?;Летний сад — зелёное сердце Петербурга, рождённое царской волей.;Кто вдохнул жизнь в этот сад, выбрав его место и стиль?;"Александр I царь мира;Пётр I строитель империи;Анна Иоанновна тень двора;Елизавета Петровна дочь роскоши";1;fact;Пётр I заложил сад в 1704 году, мечтая о европейском величии.;RT-0016;Пётр I;"история;ландшафт"
SD-0185-RU;False;ru;spb;Аничков мост;59.93312;30.34745;Кони Клодта — душа моста;Скульптуры укротителей коней, рождённые гением Петра Клодта в середине XIX века, сделали Аничков мост визитной карточкой Петербурга. Их бронза дышит движением, а взгляд пронзает Фонтанку, охраняя её воды. Эти кони странствовали — от Берлина до Неаполя — но вернулись домой. Встань у перил — и почувствуй их неукротимую силу.;;;;fact;Скульптуры отлиты в 1841 году и стали шедевром Клодта.;RT-0006;Пётр Клодт;"архитектура;город"
QZ-014-RU;True;ru;spb;Аничков мост;59.93312;30.34745;Мастер коней;Бронзовые кони Аничкова моста — символ Петербурга.;Чья рука укротила этих скакунов, высекая их в вечности?;"Клодт;Растрелли;Шервуд;Фальконе";0;fact;Пётр Клодт создал эти шедевры в 1841 году.;RT-0006;Пётр Клодт;"архитектура;искусство"
SD-0186-RU;False;ru;spb;Биржевая площадь;59.94474;30.30484;Стрелка — разлом Невы;На Стрелке Васильевского острова, меж двух Ростральных колонн, Нева делит свои воды на Большую и Малую, шепча о морской славе России. Колонны, как стражи, возвышаются над площадью, а их огонь оживает в праздники. Здесь город и река сливаются в вечном союзе. Подойди к краю — и вдохни дыхание вод.;;;;fact;Колонны зажигаются газовым пламенем с 1957 года.;RT-0014;Тома де Томон;"архитектура;город;нева"
QZ-015-RU;True;ru;spb;Биржевая площадь;59.94474;30.30484;Раздел Невы;На Биржевой площади река раскрывает свои пути.;Где Нева делится на два рукава, рождая сердце города?;"Исаакиевская площад;Дворцовая площадь;Стрелка Васильевского острова;Московский вокзал";2;fact;Стрелка — точка, где Нева расходится на Большую и Малую.;RT-0014;;"река;город;история"
SD-0187-RU;False;ru;spb;Сенатская площадь;59.93319;30.30235;Декабристы — пламя на площади;14 декабря 1825 года Сенатская площадь стала ареной восстания декабристов — первого крика против цепей самодержавия. Их шаги гремели под Медным всадником, а голоса рвали морозный воздух. Площадь хранит память о той дерзкой искре свободы. Шагни сюда — и услышишь эхо их надежд.;;;;fact;Восстание стало предтечей будущих революций.;RT-0015;Павел Пестель;"история;революция"
QZ-016-RU;True;ru;spb;Санкт-Петербург, Сенатская площадь;59.93319;30.30235;День декабристов;Сенатская площадь помнит восстание, что потрясло империю.;Когда декабристы подняли свой голос против трона?;"1812;1825;1861;1905";1;fact;14 декабря 1825 года — день присяги Николаю I и бунта.;RT-0015;Павел Пестель;"история;революция"
SD-0188-RU;False;ru;spb;Аничков мост;59.93325;30.33822;Аничков — мост укротителей;Аничков мост, возведённый в 1841 году над Фонтанкой, украшен бронзовыми укротителями коней работы Петра Клодта. Его арки шепчут о прошлом, а скульптуры смотрят на реку, как вечные стражи. Здесь город и искусство слились в гармонии. Пройдись по нему — и ощути, как кони рвутся к небу.;;;;fact;Мост перестроили в камне, чтобы выдержать парады.;RT-0006;Пётр Клодт;"архитектура;мост;скульптура"
QZ-017-RU;True;ru;spb;Аничков мост;59.93325;30.33822;Гений Аничкова;Скульптуры укротителей коней сделали Аничков мост легендой.;Кто выковал этих коней, что охраняют Фонтанку?;"Растрелли;Клодт;Монферран;Трезини";1;fact;Пётр Клодт завершил четыре группы укротителей в 1841 году.;RT-0006;Пётр Клодт;"архитектура;скульптура"
SD-0189-RU;False;ru;spb;Площадь Стачек;59.89447;30.26409;Площадь Стачек — гул протестов;Площадь Стачек в начале XX века стала ареной рабочих бурь, где шаги демонстрантов гремели, как гром перед революцией. Здесь рождались колонны, что несли свой гнев к центру города, оставляя след в камнях и истории. Это место — живое эхо борьбы за перемены. Встань тут — и услышишь отголоски тех яростных дней.;;;;fact;Площадь связана с событиями Кровавого воскресенья 1905 года.;RT-0016;;"революция;история;площадь"
QZ-018-RU;True;ru;spb;Площадь Стачек;59.89447;30.26409;Эхо рабочих;Рабочие протесты начала XX века оставили след в истории города.;Какая площадь стала колыбелью революционного гнева рабочих?;"Сенатская площадь;Площадь Стачек;Московская площадь;Троицкая площадь";1;fact;Площадь Стачек — сердце рабочих движений и предвестник революций.;RT-0016;;"революция;история"
SD-0064-RU;False;ru;spb;Малая Морская улица;59.93338;30.30773;Малая Морская — дыхание верфей;В XVIII веке Малая Морская родилась в тени Адмиралтейской слободы, где скрипели верфи Петра I. Среди смолы и соли ремесленники ковали флот, их молотки звенели в такт волнам. Пожар 1736 года спалил хижины, и улица облеклась в камень, став крепкой, как корабль. Шагни вдоль — и вдохни эхо тех трудовых дней.;;;;fact;Каменная застройка сделала её одной из первых прочных улиц города.;RT-0020;Пётр I;"история;архитектура;море"
SD-0065-RU;False;ru;spb;Малая Морская улица, 13;59.93305;30.30845;Глинка — ноты Малой Морской;В 1830-х годах в доме №13 на Малой Морской Михаил Глинка творил «Жизнь за царя», и стены звенели его мелодиями. Под светом свечей рождалась душа русской оперы, а гости — поэты и певцы — вплетали вдохновение в воздух. Петербург за окном пел вместе с ним. Загляни сюда — и услышишь отголоски тех волшебных аккордов.;;;;fact;Глинка заложил основы национальной музыки в этих стенах.;RT-0020;Михаил Глинка;"музыка;культура"
SD-0066-RU;False;ru;spb;Малая Морская улица, 9;59.93293;30.30888;Тень Достоевского в сумраке;В полумраке у дома №9 на Малой Морской, говорят, бродит призрак Достоевского, чьи шаги звучат, как строки его тревожных снов. Он хаживал сюда к другу, впитывая угрюмый дух улиц в свои романы. Старожилы клянутся, что видели его силуэт в плаще. Вглядись в тени — не шепнёт ли он тебе сюжет?;;;;legend;Район питал мрачные образы писателя.;RT-0020;Фёдор Достоевский;"мистика;литература"
SD-0067-RU;False;ru;spb;Вознесенский проспект;59.93132;30.30948;Вознесенский — луч Еропкина;Из пепла пожаров 1736–1737 годов Вознесенский проспект вырос по замыслу Петра Еропкина, пронзив Петербург от Адмиралтейства к Фонтанке. Это не просто улица, а штрих великой перспективы, где камни дышат гениальным планом. Ветер несёт сюда запах смолы и мечты о славе. Пройдись вдоль — и ощути, как город раскрывается.;;;;fact;Проспект — часть трёхлучевого плана города.;RT-0021;Пётр Еропкин;"история;архитектура"
SD-0068-RU;False;ru;spb;Вознесенский проспект;59.93099;30.30989;Вознесенский — имя сквозь годы;С 1923 по 1991 год Вознесенский проспект звался Майорова — в память о комиссаре Гражданской войны, но в 1991-м старое имя вернулось, как птица, сбросившая цепи. Улица пережила эти смены, храня шёпот эпох в своих камнях. Пройдись тут — и спроси себя, какое имя ей к лицу.;;;;fact;Майоров погиб в 1919 году, но Вознесенский пережил время.;RT-0021;;"топонимика;история"
SD-0163-RU;False;ru;spb;Вознесенский проспект;59.92800;30.30890;Эхо Вознесенской церкви;Вознесенский проспект назван в честь церкви, что в 1755 году вознесла купола над грязью Петербурга. Храм исчез, но старожилы шепчут, что его колокола звенят в воздухе перед дождём. Улица хранит этот мистический отзвук в своих камнях. Остановись тут в пасмурный день — не услышишь ли ты их звон?;;;;legend;Церковь дала имя проспекту, но не пережила веков.;RT-0021;;"архитектура;мистика"
SD-0164-RU;False;ru;spb;Вознесенский проспект, 8;59.92760;30.30820;Пушкин в доме №8;С 1828 по 1837 годы в доме №8 на Вознесенском жил Пушкин, где строки «Онегина» рождались под шум Петербурга. Здесь, в крепости тишины, он писал письма и спорил с друзьями, а город за окном плёл ритмы его стихов. Загляни сюда — и вдохни воздух, что питал его гений.;;;;fact;Пушкин называл этот дом своим укрытием от суеты.;RT-0021;Александр Пушкин;"литература;жилище"
SD-0172-RU;False;ru;spb;Вознесенский проспект, 39;59.92650;30.30850;«Бродячая собака» — пламя Серебряного века;В новогоднюю ночь 1911 года в подвале дома Жако на Вознесенском, 39, зажглась «Бродячая собака» — кабаре, где пылал дух Серебряного века. Ахматова роняла слёзы в стихи, Маяковский гремел строками, Есенин чертил углём свои видения. Здесь воздух был густым от слов и страстей, а стены стали эхом поколения. Спустись в этот уголок — и услышишь их голоса.;;;;fact;Клуб открылся 31 декабря 1911 года и стал меккой поэтов.;RT-0021;Анна Ахматова;культура
SD-0166-RU;False;ru;spb;Площадь Стачек, 4;59.88834;30.25405;Проспект Стачек — память труда;Проспект Стачек назван в честь рабочих, что в XIX–XX веках поднимали голоса в стачках, сотрясая мостовые Петербурга. Их шаги и крики выковали эту улицу, ставшую символом борьбы за права. Камни тут дышат их непреклонностью. Пройдись вдоль — и вдохни дух тех, кто строил будущее.;;;;fact;Название закрепилось в 1920-х как дань рабочим Нарвской заставы.;RT-0050;;"революция;труд"
SD-0168-RU;False;ru;spb;Проспект Стачек, 37;59.88691;30.25166;Дом Гордзялковских — гимн рабочим;На фасаде дома Гордзялковских застыли барельефы рабочих — суровые, как сталь, они славят труд и стойкость Нарвской заставы. Это здание, рождённое в 1930-х, — яркий осколок конструктивизма, где каждый штрих дышит эпохой. Камень тут говорит о силе рук. Вглядись в лики — и услышишь их молчаливый рассказ.;;;;fact;Дом построен в 1936 году как памятник рабочему классу.;RT-0050;;"архитектура;революция"
SD-0090-RU;False;ru;spb;Площадь Стачек;59.88866;30.25379;[E] Кровавое воскресенье — рана площади;9 января 1905 года площадь Стачек обагрилась кровью — здесь расстреляли мирную демонстрацию рабочих, шагавших к царю с мольбами. Выстрелы стали прологом революции, а камни запомнили крики и слёзы. Это место — скорбный свидетель истории. Остановись тут — и почувствуй тяжесть того дня.;;;;fact;Событие ускорило революцию 1905–1907 годов.;RT-0050;Николай II;"революция;история"
SD-0064-RU;False;ru;moscow;Красная площадь;55.75393;37.62079;Загадка Красной — красота веков;«Красная» площадь не о цвете — её имя от старославянского «красивый», что когда-то звенело у собора Василия Блаженного. Камни тут шепчут о древней эстетике, а не о политике, храня тайну былой Москвы. Здесь время сливается с вечностью. Пройдись вдоль — и вдохни её скрытую прелесть.;;;;fact;Название закрепилось в XVII веке, отражая красоту места.;RT-0100;;"топонимика;история"
SD-0065-RU;False;ru;moscow;Большая Никитская улица, 1;55.75621;37.60932;Дом Герцена — колыбель свободы;На Большой Никитской, 1, родился Александр Герцен — вольнодумец, чьи слова зажгли искры революции. В этих стенах юный писатель впитал дух бунта, что позже потряс Россию. Дом стал началом его пути к свободомыслию. Загляни сюда — и услышишь шёпот тех дерзких мыслей.;;;;fact;Герцен родился здесь в 1812 году, став голосом поколения.;RT-0101;Александр Герцен;"литература;революция"
SD-0066-RU;False;ru;moscow;Театральная площадь;55.76022;37.61888;Большой — эхо имперской сцены;Большой театр, вознёсшийся в 1825 году по замыслу Осипа Бове, стал жемчужиной имперского искусства. Его стены горели и вставали из пепла, каждый раз краше, храня арии и овации веков. Здесь сцена дышит величием Москвы. Встань у колонн — и вдохни его вечный гул.;;;;fact;Театр открылся 6 января 1825 года и пережил три пожара.;RT-0102;Осип Бове;"архитектура;культура"
SD-0067-RU;False;ru;spb;Невский проспект, 28;59.93106;30.34688;Пассаж — ритм модного века;Пассаж на Невском, 28, в XIX веке стал сердцем светской жизни — бутики, рестораны и залы гудели шорохом платьев и звоном бокалов. Это был прообраз торговых галерей, где Петербург блистал роскошью. Камни тут помнят шаги модников прошлого. Шагни внутрь — и ощути дыхание той эпохи.;;;;fact;Пассаж открылся в 1848 году как центр городской моды.;RT-0008;;"архитектура;городская жизнь"
SD-0068-RU;False;ru;spb;Английская набережная, 68;59.93357;30.29293;Мрамор Демидова;Особняк на Английской набережной, 68, был домом Павла Демидова, промышленника с Урала. Легенда гласит, что его кабинет, облицованный уральским мрамором, скрывает тайный сейф, до сих пор не найденный. Камни тут шепчут о богатстве и загадках. Загляни сюда — вдруг услышишь скрип его секрета.;;;;legend;Демидовы славились богатством, подпитывая мифы о кладах.;RT-0009;Павел Демидов;"легенда;архитектура"
SD-0069-RU;False;ru;moscow;Арбат, 53;55.74524;37.59290;Окуджава — голос Арбата;На Арбате, 53, жил и творил Булат Окуджава, чьи песни стали дыханием эпохи. Его гитара звенела в этих стенах, а строки уносили слушателей в мир поэзии. Сегодня тут звучат вечера памяти, храня тепло его души. Пройдись у дома — и услышишь эхо тех тихих аккордов.;;;;fact;Окуджава жил здесь в 1970-х, оставив след в культуре.;RT-0103;Булат Окуджава;"музыка;поэзия"
SD-0070-RU;False;ru;spb;Литейный проспект, 24;59.93912;30.34855;Дом с чертями — страж теней;На Литейном, 24, стоит дом, где демоны на фасаде — не просто украшение. Легенда гласит, что хозяин, масон и мистик, велел высечь их как щит от злых духов. Камни тут хранят шёпот тайн, а ночью, говорят, скульптуры оживают. Загляни сюда в сумерках — не шевельнётся ли тень под взглядом чертей?;;;;legend;Слухи о движущихся фигурах будоражат умы до сих пор.;RT-0012;;"мистика;архитектура"
SD-0071-RU;False;ru;moscow;Парк Горького;55.72953;37.60343;Парк Горького — отражение эпох;Парк Горького, рождённый в 1928 году как «культурный оазис», стал зеркалом советской мечты об отдыхе. Здесь впервые закружились аттракционы и зажглись экраны под звёздами. Его аллеи дышат историей урбанистики. Пройдись вдоль — и вдохни дух тех беспечных дней.;;;;fact;Парк стал первым в СССР местом массового досуга.;RT-0104;;"советская эпоха;архитектура"
QZ-012-RU;True;ru;spb;Соборная площадь Петропавловской крепости;59.95049;30.31676;Каменный первенец;Петропавловская крепость — начало Петербурга, её стены вознеслись первыми.;Кто начертал план этой твердыни, что стала сердцем города?;"Доминико Трезини мастер камня;Карло Росси зодчий парадов;Бартоломео Растрелли барокко гений;Жан-Батист Валлен-Деламот тень изящества";0;fact;Доминико Трезини спроектировал крепость в 1703 году как бастион.;RT-0002;Доминико Трезини;"архитектура;история"
QZ-013-RU;True;ru;moscow;Москва, Красная площадь;55.75393;37.62079;Храм на площади;Красная площадь — сердце Москвы, где стоит древний символ.;Какой храм возвышается над её камнями, пленяя взоры?;"Храм Христа Спасителя белый исполин;Собор Василия Блаженного цветной страж;Архангельский собор тень Кремля;Церковь Илии Пророка скромный гость";1;fact;Собор Василия Блаженного, построенный в 1561 году, — икона России.;RT-0100;;"архитектура;религия"
SD-0201-EN;False;en;spb;Malaya Morskaya Street;59.93338;30.30773;Malaya Morskaya — Where It All Began;Back in the 18th century, Malaya Morskaya popped up near the Admiralty, home to Peter the Great’s shipwrights and blacksmiths. These folks hammered away, crafting vessels that ruled the seas. After the 1736 fire torched the old wooden shacks, sturdy stone houses rose up. Stroll down this lane — you’ll catch a whiff of that old shipyard vibe.;;;;fact;Stone replaced wood after the blaze, giving the street its backbone.;RT-0020;;"history;architecture"
SD-0202-EN;False;en;spb;Malaya Morskaya Street, 13;59.93305;30.30845;Glinka’s Pad at No. 13;In the 1830s, Mikhail Glinka crashed here at No. 13, pouring his soul into “A Life for the Tsar.” This place was buzzing with artists — music and chatter filled the air under candlelight. Glinka’s tunes pretty much kicked off Russian opera right here. Swing by — you might still hear those classy notes lingering.;;;;fact;This house was a hotspot for the creative crowd back in the day.;RT-0020;Mikhail Glinka;"music;culture"
SD-0203-EN;False;en;spb;Malaya Morskaya Street, 9;59.93293;30.30888;Dostoevsky’s Ghostly Hangout;Word on the street is Fyodor Dostoevsky’s ghost still roams around No. 9. He’d crash with a buddy here, soaking up the grim vibes for his dark tales. Locals swear his shadow drifts through the fog. Take a peek at dusk — maybe you’ll spot that brooding figure.;;;;legend;The moody street fueled his wild imagination, they say.;RT-0020;Fyodor Dostoevsky;"mystic;literature"
SD-0204-EN;False;en;spb;Voznesensky Avenue;59.93132;30.30948;Voznesensky — The City’s Blueprint;Born from the ashes of the 1736–1737 fires, Voznesensky Avenue was sketched out by P. M. Yeropkin to shape St. Pete’s grand design. It stretches elegantly from the Admiralty to the Fontanka, tying the city together. Walk this path — it’s like stepping through a master’s vision.;;;;fact;It’s one of the three key rays fanning out from the Admiralty.;RT-0021;;"history;architecture"
SD-0205-EN;False;en;spb;Voznesensky Avenue;59.93099;30.30989;Voznesensky’s Name Game;From 1923 to 1991, this avenue went by Mayorov, tipping its hat to a Civil War hero. In ’91, it slipped back into its old name, Voznesensky, honoring a long-gone church. The stones here hold tales of shifting times. Wander along — wonder what name fits it best.;;;;fact;The original name nods to a church lost to history.;RT-0021;;"toponymy;history"
SD-0201-CN;False;cn;spb;马拉亚·莫尔斯卡亚街;59.93338;30.30773;马拉亚街的初生;这条街在18世纪悄然兴起，属于彼得大帝海军区的家园。木匠和铁匠们在这儿为战舰挥汗如雨，敲打声如鼓点。1736年的大火烧尽木屋后，石头房子拔地而起，坚韧如长城。走在这儿，仿佛能闻到昔日船厂的松香味。;;;;fact;火灾后石头建筑让这条街有了骨气。;RT-0020;;"历史;建筑"
SD-0202-CN;False;cn;spb;马拉亚·莫尔斯卡亚街13号;59.93305;30.30845;格林卡之家（13号）;1830年代，作曲家米哈伊尔·格林卡住在这里，并创作了歌剧《为沙皇而生》。;;;;fact;他常在此举办音乐沙龙，聚集艺术家们。;RT-0020;米哈伊尔·格林卡;"音乐;文化"
SD-0203-CN;False;cn;spb;马拉亚·莫尔斯卡亚街9号;59.93293;30.30888;陀思妥耶夫斯基的幽灵;传说中，著名作家陀思妥耶夫斯基的幽灵曾在此现身。他曾在9号楼朋友家短住。;;;;legend;街道上的阴影里仍传来他的低语。;RT-0020;陀思妥耶夫斯基;"神秘;文学"
SD-0204-CN;False;cn;spb;沃兹涅先斯基大街;59.93132;30.30948;城市结构的骨干：沃兹涅先斯基大街;1736-1737年火灾后，根据耶罗普金的城市规划，这条大街应运而生。;;;;fact;大街连接海军部与丰坦卡河，是城市动脉之一。;RT-0021;;"历史;建筑"
SD-0205-CN;False;cn;spb;沃兹涅先斯基大街;59.93099;30.30989;大街的更名故事;1923年到1991年间，这条街被命名为“马约洛夫街”，纪念一位内战英雄。;;;;fact;1991年恢复原名，纪念失落的升天教堂。;RT-0021;;"地名学;历史"
SD-0064-EN;False;en;moscow;Red Square;55.75393;37.62079;The True Meaning of Red Square;"The name ""Red Square"" doesn't refer to the color or politics, but comes from the old Russian word for ""beautiful"".";;;;fact;Originally, the term was associated with beauty, not communism.;RT-0100;;"toponymy;history"
SD-0065-EN;False;en;moscow;Bolshoi Theatre, Teatralnaya Sq. 1;55.76022;37.61888;Bolshoi Theatre’s Grand Legacy;Opened in 1825, the Bolshoi Theatre is a global symbol of Russian performing arts, built by architect Joseph Bové.;;;;fact;The theatre has survived fires and wars, always rising again in grandeur.;RT-0102;Joseph Bové;"architecture;culture"
SD-0066-EN;False;en;moscow;Tverskaya Street, 25;55.76495;37.60654;Ernest Hemingway in Moscow;In 1959, American writer Ernest Hemingway visited Moscow, engaging with Soviet writers and absorbing the city’s spirit.;;;;fact;Though brief, his visit became a symbol of Cold War cultural curiosity.;RT-0105;Ernest Hemingway;"literature;USA"
SD-0067-EN;False;en;spb;Nevsky Prospect, 28;59.93106;30.34688;The Fashionable Passage of St. Petersburg;Built in the 19th century, this arcade was home to luxury shops and cafés for the Russian elite.;;;;fact;The Passage is considered one of the earliest shopping galleries in Russia.;RT-0008;;"architecture;lifestyle"
SD-0068-EN;False;en;spb;Moika Embankment, 12;59.93745;30.32435;Pushkin’s Final Residence;Alexander Pushkin spent his last days here before the fatal duel in 1837. The house is now a museum.;;;;fact;Pushkin’s room remains preserved, offering a glimpse into his final moments.;RT-0007;Alexander Pushkin;"literature;Russia"
SD-0069-EN;False;en;moscow;Arbat Street, 53;55.74524;37.59290;Cohen’s Arbat Echo;In the ’80s, Leonard Cohen tipped his hat to Arbat Street, calling it a lane of “rhythm and melancholy.” The Canadian poet saw a bittersweet tune in its Soviet soul, blending East and West vibes. Stroll here — you might catch that haunting chord he felt.;;;;legend;Cohen’s words tied Arbat to a universal ache.;RT-0106;Leonard Cohen;"Canada;music"
SD-0070-EN;False;en;spb;Fontanka River Embankment, 14;59.92688;30.34444;British Spies on the Fontanka;Back in the early 20th century, this discreet spot at Fontanka, 14, was a hideout for British spies watching the Empire crumble. Whispers say a secret passage lurks in the cellar, still waiting to spill its tales. Peek around — feel the cloak-and-dagger chill.;;;;legend;Rumors of espionage linger from the Romanovs’ fall.;RT-0006;;"UK;espionage;history"
SD-0071-EN;False;en;moscow;Gorky Park;55.72953;37.60343;Gorky Park — Cold War Spotlight;Gorky Park’s eerie calm caught Martin Cruz Smith’s eye for his thriller “Gorky Park,” turning it into a Western legend. Born in 1928, this Soviet gem of design became more than just a park — it’s a story. Wander its paths — you’ll sense that mysterious pull.;;;;fact;Smith’s 1981 novel made it a global icon.;RT-0104;;"USA;literature;culture"
QZ-012-EN;True;en;spb;Peter and Paul Fortress;59.95049;30.31676;The Fortress Founder;Peter and Paul Fortress laid St. Pete’s first stones — a grand start.;Who sketched this stronghold that kicked off the city?;"Carlo Rossi parade master;Domenico Trezzini stone genius;Rastrelli baroque king;Valen-Delamot elegant shadow";1;fact;Trezzini shaped it in 1703 with slick bastion flair.;RT-0002;Domenico Trezzini;"architecture;history"
QZ-013-EN;True;en;moscow;Red Square;55.75393;37.62079;Red Square’s Gem;Red Square’s got a standout star among its stones.;Which cathedral graces this plaza with timeless charm?;"Cathedral of Christ the Saviour white giant;St. Basil’s Cathedral rainbow guard;Archangel Cathedral Kremlin whisper;Church of Elijah quiet guest";1;fact;St. Basil’s, finished in 1561, is Russia’s dazzling symbol.;RT-0100;;"architecture;religion"
SD-0064-EN;False;en;spb;Malaya Morskaya Street;59.93338;30.30773;Malaya Morskaya’s Roots;Malaya Morskaya sprang up in the 18th century, nestled by the Admiralty where Peter the Great’s craftsmen hammered out his navy. After the 1736 fire cleared the slate, stone houses rose, tough as nails. Walk this stretch — you’ll catch that old shipyard scent.;;;;fact;Stone took over post-fire, giving it grit.;RT-0020;;"history;architecture"
SD-0065-EN;False;en;spb;Malaya Morskaya St. 13;59.93305;30.30845;Glinka’s Haven at No. 13;In the 1830s, Mikhail Glinka set up shop at No. 13, crafting “A Life for the Tsar” amid candlelit jams with artists. His tunes here sparked Russian opera’s fire. Drop by — those classy notes might still hang in the air.;;;;fact;Glinka’s place was a magnet for creative souls.;RT-0020;Mikhail Glinka;"music;culture"
SD-0066-EN;False;en;spb;Malaya Morskaya St. 9;59.93293;30.30888;Dostoevsky’s Shadow;Folks reckon Fyodor Dostoevsky’s ghost drifts around No. 9, where he crashed with a pal, soaking up the street’s dark charm for his tales. Locals say his spirit’s still brooding. Check it out at dusk — maybe you’ll spot that moody figure.;;;;legend;The grim vibe here fed his wild stories.;RT-0020;Fyodor Dostoevsky;"mystic;literature"
SD-0067-EN;False;en;spb;Voznesensky Avenue;59.93132;30.30948;Voznesensky — City’s Spine;After the 1736–37 fires, P. M. Yeropkin dreamed up Voznesensky Avenue to stitch St. Pete together, linking Admiralty to Fontanka. It’s a sleek line in the city’s grand plan. Stroll along — feel the blueprint of a master at work.;;;;fact;It’s one of three rays from the Admiralty’s core.;RT-0021;;"history;architecture"
SD-0068-EN;False;en;spb;Voznesensky Avenue;59.93099;30.30989;Voznesensky’s Name Swap;From 1923 to ’91, Voznesensky went by Mayorov, honoring a Civil War champ, then flipped back to its old title in ’91. These stones have seen names come and go. Wander here — pick your favorite from its past.;;;;fact;Mayorov was a nod to a commissar’s grit.;RT-0021;;"toponymy;history"
SD-0064-CN;False;cn;spb;小海街;59.93338;30.30773;小海街—匠人之乡;18世纪，小海街在海军部旁悄然兴起，住满了为彼得大帝造船的匠人。木屋在1736年火灾中灰飞烟灭，石头房如新生，坚实如山。这街似藏着当年的锤声。走在这儿——仿佛闻到松脂香。;;;;fact;火灾后石头建筑奠定了它的根基。;RT-0020;;"历史;建筑"
SD-0065-CN;False;cn;spb;小海街13号;59.93305;30.30845;13号房—格林卡的乐章;1830年代，作曲家格林卡在这小海街13号孕育了歌剧《为沙皇献身》。烛光摇曳中，他与艺术家们聚会，琴声与笑语交织，点燃灵感。这房子的墙仿佛还留着音符的余韵。走近些——耳边似有旋律低吟。;;;;fact;格林卡在这奠定了俄国音乐的基石。;RT-0020;米哈伊尔·格林卡;"音乐;文化"
SD-0066-CN;False;cn;spb;小海街9号;59.93293;30.30888;陀氏幽影—街头的灵魂;传说小海街9号藏着陀思妥耶夫斯基的幽灵，他曾在此朋友家中短住。街道的阴郁气息渗入他的笔下，化作不朽篇章。有人说，夜雾中仍能听见他的低语。停下脚步——你会否感到一丝神秘?;;;;legend;这街角是他文学灵感的源泉之一。;RT-0020;陀思妥耶夫斯基;"神秘;文学"
SD-0067-CN;False;cn;spb;升天大道;59.93132;30.30948;升天大道—城市之骨;1736-1737年大火后，耶罗普金为重塑圣彼得堡设计了这条升天大道。它如长虹贯城，连接海军部与冯坦卡河，气势不凡。微风中似有昔日匠人的叹息。漫步其上——仿佛触摸城市脉络。;;;;fact;大道是圣彼得堡规划的三大支柱之一。;RT-0021;;"历史;建筑"
SD-0068-CN;False;cn;spb;升天大道;59.93099;30.30989;大道更名—时光印迹;1923至1991年，升天大道改称“马约罗夫大道”，纪念内战中的英魂。1991年，它重拾旧名，寄托对逝去教堂的怀念。街石静默，藏着岁月的故事。走在这儿——你会选哪段历史?;;;;fact;原名是对升天教堂的永恒致敬。;RT-0021;;"地名;历史"
SD-0064-CN;False;cn;moscow;红场（Red Square）;55.75393;37.62079;红场—美丽之名;“红场”的“红”源于古俄语“美丽”，与政治无关，只为赞美其景。它如明珠镶嵌莫斯科，风华绝代。这里的石头诉说古老的优雅。驻足此地——你会感受到它的静美。;;;;fact;“红场”之名在17世纪定型，颂其壮丽。;RT-0100;;"地名;历史"
SD-0065-CN;False;cn;moscow;高尔基公园;55.72953;37.60343;高尔基—苏联绿肺;高尔基公园于1928年建成，是苏联时代文化与休闲的象征。树影婆娑间，它融自然与娱乐为一体，散发独特韵味。这片绿洲见证了城市的变迁。漫步其中——仿佛听见当年的欢声。;;;;fact;公园首创了莫斯科的现代化休闲模式。;RT-0104;;"建筑;文化"
SD-0066-CN;False;cn;moscow;阿尔巴特街53号;55.74524;37.59290;鲁迅的莫斯科梦;传说鲁迅曾计划踏足阿尔巴特街，探访苏联的文化新生。他虽未至，却在文章中流露出对革命精神的敬意。这街巷似藏着他的遥远目光。走过此处——你会否听见他的笔锋?;;;;legend;鲁迅对苏联的向往影响了中国文人。;RT-0107;鲁迅;"文化;中国"
SD-0067-CN;False;cn;spb;涅瓦大街28号;59.93106;30.34688;涅瓦商场—奢华缩影;涅瓦大街28号的“商场通道”是19世纪俄罗斯奢华生活的窗口。购物、音乐与咖啡在此交融，宛如一幅城市画卷。这里的石墙保留了旧时光的芬芳。步入其中——仿佛置身当年的盛景。;;;;fact;商场于1848年开业，开创购物新风尚。;RT-0008;;"建筑;生活方式"
SD-0068-CN;False;cn;spb;滴血救世主教堂;59.93901;30.32853;滴血教堂—历史的色彩;滴血救世主教堂为纪念亚历山大二世遇刺而建，色彩斑斓如画卷。它屹立于圣彼得堡，诉说悲壮往事。这座殿堂如宝石，熠熠生辉。凝视它——你会听见时光的低诉。;;;;fact;教堂于1883年开始修建，象征 царская эпоха。;RT-0003;亚历山大二世;"建筑;宗教"
SD-0069-CN;False;cn;moscow;普希金广场;55.76589;37.60530;普希金广场—文人足迹;普希金广场曾迎来中国文人，他们在此致敬俄罗斯诗圣普希金。鲁迅、茅盾等人引用其作，留下文化交汇的痕迹。这片土地似有诗意的回响。驻足此地——你会感受到东西方的共鸣。;;;;fact;中国作家在20世纪初受普希金深远影响。;RT-0108;茅盾;"文学;交流"
SD-0070-CN;False;cn;spb;涅瓦河畔;59.93855;30.31214;达赖之梦—涅瓦河畔;据传，第十四世达赖喇嘛曾遥望圣彼得堡，倾心于其文化之韵。虽未踏足，这片河畔却因他的向往蒙上一层神秘光晕。涅瓦河水似藏着未尽的哲思。伫立此处——你会否听见远方的低语?;;;;legend;虽未成行，其意向引发世界目光。;RT-0010;十四世达赖喇嘛;"西藏;哲学"
SD-0071-CN;False;cn;moscow;莫斯科大学主楼;55.70329;37.53087;莫大—留学生的摇篮;莫斯科大学主楼曾哺育无数中国革命者与学者，宛如中苏友谊的桥梁。它高耸入云，承载知识与理想。这座殿堂见证了历史的交汇。凝视其巅——仿佛触及当年的激情。;;;;fact;20世纪50年代，莫大成为中苏交流重镇。;RT-0109;邓小平;"教育;历史"
QZ-012-CN;True;cn;spb;彼得保罗要塞;59.95049;30.31676;要塞之父;彼得保罗要塞是圣彼得堡的起点，其墙见证了城市的诞生。;谁为这座要塞挥毫，奠下第一块基石?;"卡洛·罗西，典雅之手;多梅尼科·特雷齐尼，坚石之魂;拉斯特雷利，华丽之影;瓦朗-德拉莫，细腻之迹";1;fact;特雷齐尼于1703年设计，将意式风韵融入俄式防御。;RT-0002;多梅尼科·特雷齐尼;"建筑;历史"
QZ-013-CN;True;cn;moscow;红场;55.75393;37.62079;红场之星;红场如莫斯科的心脏，藏着一座不朽的象征。;以下哪座教堂屹立于此，诉说俄国荣光?;"基督救世主大教堂，白玉之巅;圣瓦西里升天教堂，彩虹之冠;大天使教堂，克宫低语;圣伊利亚教堂，静默之客";1;fact;圣瓦西里教堂，1561年竣工，举世闻名。;RT-0100;;"建筑;宗教"
SD-0101-RU;False;ru;moscow;Арбат, 12;55.75141;37.61303;Тайна арбатских двориков;Арбатский дворик на номере 12 — словно театр теней, где разыгрывались свои пьесы. Здесь шептались стихи, зрели заговоры, звенел детский смех. Камни хранят эхо минувших дней, тихое и вечное. Загляни сюда — и вдохни их скрытую жизнь.;;;;fact;Каждый дворик Арбата — живая страница Москвы.;RT-0100;;"история;город"
SD-0102-RU;False;ru;moscow;Парк Сокольники;55.75324;37.61728;Сокольники — от стрел до свинга;В Сокольниках когда-то звенели стрелы княжеских охот, а в XX веке зазвучали джаз и свинг, отражая дыхание эпох. Парк, как зеркало времени, впитал перемены города. Пройдись меж деревьев — и услышишь мелодию его прошлого.;;;;fact;Сокольники стали сценой культурной эволюции Москвы.;RT-0100;;"история;город"
SD-0103-RU;False;ru;moscow;Арбат, 2;55.75202;37.61406;«Прага» — вкус элиты;В ресторане «Прага» на Арбате, 2, советская элита вкушала изыск под аккорды музыки, а чешское пиво лилось рекой. Здесь рождалась гастрономическая летопись Москвы, утончённая и пышная. Встань у входа — и вдохни аромат тех роскошных дней.;;;;fact;«Прага» стала символом советского шика.;RT-0100;;"история;город"
SD-0104-RU;False;ru;spb;Казанская площадь;59.93597;30.35760;Голуби Казанского — хранители желаний;На Казанской площади шепчут: покорми голубя у собора — и желание сбудется. Эти птицы — стражи тишины, что царит под колоннами. Петербуржцы знают их секрет веками. Остановись тут — и проверь старую примету.;;;;fact;Голуби стали частью соборного духа города.;RT-0100;;"история;город"
SD-0105-RU;False;ru;spb;Университетская наб., 17;59.92800;30.36369;Сфинксы — стражи веков;На Университетской набережной, 17, стоят египетские сфинксы, привезённые по воле императора. Их взгляды, древние и непреклонные, пронзают Неву и время. Каменные гости хранят молчаливую мудрость. Вглядись в них — и ощути дыхание тысячелетий.;;;;fact;Сфинксы датируются XIV веком до н.э.;RT-0100;;"история;город"
SD-0106-RU;False;ru;spb;наб. реки Мойки;59.93182;30.36424;Львы Мойки — вечные дозорные;Каменные львы вдоль набережной Мойки стоят как стражи Петербурга, недвижимые и гордые. Эпохи сменяют друг друга, а они всё смотрят на воду, храня её тайны. Их молчание — часть души города. Пройдись рядом — и почувствуй их немую силу.;;;;fact;Львы — символ стойкости и величия города.;RT-0100;;"история;город"
SD-0107-RU;False;ru;moscow;метро Маяковская;55.75888;37.61417;Маяковская — эхо будущего;Станция «Маяковская» — жемчужина конструктивизма, памятник советской мечте о прогрессе. В войну здесь укрывались от бомб, а эхо концертов заглушало гул сирен. Её мозаики и сталь хранят дыхание эпохи. Спускаясь сюда — вдохни величие минувших дней.;;;;fact;Открыта в 1938 году как символ нового мира.;RT-0100;;"история;город"
SD-0108-RU;False;ru;moscow;Чаплыгина, 5;55.75890;37.62176;Мозаика Чаплыгина — двор чудес;Во дворе на Чаплыгина, 5, скрыта галерея под небом — мозаики превращают серый бетон в полотно искусства. Это неожиданный дар городу, тихий и гордый. Камни тут шепчут о красоте среди обыденности. Загляни сюда — и найди свет в тени домов.;;;;fact;Мозаики — творение местных мастеров XX века.;RT-0100;;"искусство;урбанистика"
QZ-0101-RU;True;ru;moscow;Арбат;55.75410;37.61804;Древняя тропа Москвы;Старейшая улица Москвы хранит следы веков.;Какая улица гордо носит титул одной из древнейших в столице?;"Тверская путь царей;Арбат эхо прошлого;Ленинградский проспект голос машин;Пречистенка тень дворян";1;fact;Арбат известен с XV века как живая нить истории.;RT-0100;;"культура;викторина"
QZ-0102-RU;True;ru;spb;Казанская площадь, 2;59.93524;30.35633;Дар голубей;Легенда у Казанского собора гласит, что голуби несут тайную силу.;Что сулит, по преданию, кормление голубя у собора?;"Желание-шепот мечты;Счастье-свет души;Любов-тепло сердца;Удача-дар судьбы";0;legend;Говорят, желания сбываются — или это игра случая?;RT-0100;;"легенда;поверье"
SD-0101-EN;False;en;moscow;Arbat 12;55.75616;37.61290;Arbat Courtyards — Hidden Tales;Behind the gates of Arbat 12, every courtyard’s a stage — poets spun verses, whispers hatched plots, kids chased dreams. These nooks hold Soviet life’s quiet pulse. Slip inside — catch the echo of those untold stories.;;;;fact;Each yard’s a snapshot of Moscow’s soul.;RT-0100;;"history;urban"
SD-0102-EN;False;en;moscow;Gorky Park;55.75270;37.61900;Gorky Park — Time’s Mirror;Gorky Park’s seen it all — Stalin’s grand marches, then kids shredding on skateboards. Born in ’28, it’s morphed with Moscow’s moods, cool and calm. Stroll its lanes — feel the city’s heartbeat shift.;;;;fact;A Soviet relic turned modern hangout.;RT-0100;;"culture;leisure"
SD-0103-EN;False;en;spb;Winter Palace;59.94021;30.31266;Hermitage Cats — Silent Guardians;In the Winter Palace, cats have prowled since Empress Elizabeth’s days, keeping treasures safe from nibbling foes. They’re the unsung heroes of this grand pile. Peek around — their purrs weave through history.;;;;fact;Cats have guarded the Hermitage for over 250 years.;RT-0100;;"mystery;history"
SD-0104-EN;False;en;moscow;Pushkin Street;55.76603;37.60802;Pushkin St. — Walls That Speak;Pushkin Street’s murals pop with color — poetry meets protest in Moscow’s old heart. These walls don’t just stand; they shout. Wander by — catch the art that’s got something to say.;;;fact;Street art here blends Pushkin’s legacy with grit.;RT-0100;;"art;activism"
SD-0105-EN;False;en;spb;Senate Square;59.93477;30.30620;Bronze Horseman’s Night Ride;Whispers say Peter the Great gallops free at night, his bronze steed thundering by the Neva. The Horseman’s shadow looms large over Senate Square. Stand here after dark — hear the echo of those hooves.;;;;legend;A tale spun since the statue rose in 1782.;RT-0100;;"mystic;city"
SD-0106-EN;False;en;spb;Nevsky Prospect;59.93246;30.34621;Nevsky’s Rooftop Secrets;Nevsky Prospect shines from below, but the real magic’s up top — rooftops spill St. Pete’s best views. Climb high, snap a shot, see the city unfold. These heights tell tales the streets can’t. Hit the roofs — grab a glimpse of something grand.;;;;fact;Rooftop tours are a local photography gem.;RT-0100;;"photography;urban"
SD-0107-EN;False;en;moscow;Sanduny Baths;55.76771;37.62136;Sanduny — Steam and Soul;Sanduny Baths have been steaming up Moscow for centuries — a classy dive into tradition where curtains hide whispered secrets. It’s more than a scrub; it’s a ritual. Step into the mist — feel the weight of history in every breath.;;;fact;Opened in 1808, it’s a cornerstone of banya culture.;RT-0100;;"tradition;wellness"
SD-0108-EN;False;en;moscow;Teatralny Proezd 2;55.76032;37.62081;Metropole’s Spy Whispers;At the Metropole Hotel, spies once sipped vodka and vanished into the night — its plush rooms hold tales too slick to tell. A haunt for the shadowy elite, it’s got a mystique that lingers. Peek inside — catch the echo of those cloak-and-dagger days.;;;;legend;Cold War rumors swirl around its gilded walls.;RT-0100;;"espionage;history"
QZ-0101-EN;True;en;moscow;Gorky Park;55.75244;37.61731;Moscow’s Green Heart;One park beats as Moscow’s cultural pulse through decades.;Which spot claims the title of the city’s soulful green retreat?;"Zaryadye modern marvel;Gorky Park timeless vibe;VDNKh expo giant;Sokolniki old charm";1;fact;Gorky Park’s been a leisure icon since 1928.;RT-0100;;"culture;quiz"
QZ-0102-EN;True;en;spb;Winter Palace;59.94001;30.31424;Hermitage Watchers;Silent sentinels roam the Winter Palace’s grand halls.;Who’s been guarding the Hermitage’s treasures on the down-low?;"Crows sky scouts;Cats stealth prowlers;Secret Police iron grip;Tourists curious crowd";1;legend;Cats have patrolled since the 18th century.;RT-0100;;"cats;legend"
SD-0101-CN;False;cn;moscow;老阿尔巴特街12号;55.75278;37.61796;老巷诗韵;老阿尔巴特街12号的小巷如书页，藏着苏联时代的诗歌与低语。这里曾是诗人的角落，秘密的摇篮。石墙似在诉说旧时光的呢喃。走进巷中——仿佛听见当年的回声。;;;;fact;阿尔巴特巷弄是莫斯科历史的活化石。;RT-0100;;"历史;城市"
SD-0102-CN;False;cn;spb;大学堤岸17号;59.92810;30.35997;涅瓦守护者;大学堤岸17号，两尊埃及狮身人面像自19世纪起静立，守护涅瓦河畔。它们如古客，目光穿越千年，凝视城市。这对石像诉说着异域与本土的交融。凝视它们——你会感到时间的厚重。;;;;fact;1830年代运抵，来自3000年前的埃及。;RT-0100;;"文化;雕像"
SD-0103-CN;False;cn;spb;宫殿广场;59.93887;30.31578;白夜幻影;夏日白夜，宫殿广场似有沙皇的影子悄然掠过。市民低语，这片空地藏着旧日的魂魄。夜色不浓，却满是神秘的气息。驻足此地——你会否瞥见那逝去的荣光?;;;;legend;白夜传说为广场蒙上奇幻色彩。;RT-0100;;"传说;文化"
SD-0104-CN;False;cn;moscow;共青团站;55.75688;37.62120;地铁艺术殿;共青团地铁站不仅是通道，更是艺术的殿堂。壁画如诗，镶嵌于穹顶，述说城市的光辉。这里的每一砖都带着灵魂。漫步站内——仿佛走进画卷与音符之中。;;;;fact;建于1952年，是地铁艺术的巅峰之作。;RT-0100;;"艺术;交通"
SD-0105-CN;False;cn;moscow;恋人桥;55.74493;37.60315;锁住的誓言;恋人桥横跨莫斯科河，情侣在此挂上同心锁，祈愿永恒。铁栏上锁链叮当作响，如爱情的低吟。这桥承载着无数心愿。走过桥面——你会否听见爱的轻诉?;;;;legend;锁桥习俗寄托了浪漫与希望。;RT-0100;;"浪漫;民俗"
SD-0106-CN;False;cn;moscow;音乐学院;55.76499;37.60583;柴氏乐魂;莫斯科音乐学院曾是柴可夫斯基灵感的沃土，他在此谱写交响传奇。琴声悠扬，墙壁仿佛铭刻着他的天才。这殿堂孕育了不朽之音。伫立此处——耳边似有乐章回荡。;;;;fact;柴可夫斯基在此奠定音乐巨匠之名。;RT-0100;柴可夫斯基;"音乐;文化"
SD-0107-CN;False;cn;spb;彼得保罗要塞;59.95018;30.31827;彼得日记—要塞之谜;传说彼得大帝的秘密日记藏于彼得保罗要塞的厚墙深处，至今无人觅得。它如幽灵，隐于石缝，等待揭秘之人。这座堡垒似在低语他的往事。伫立此处——你会否感到历史的呼唤?;;;;legend;日记之说为要塞蒙上神秘面纱。;RT-0100;彼得一世;"传说;神秘"
SD-0108-CN;False;cn;moscow;新阿尔巴特街;55.75223;37.58580;苏联味蕾的重生;新阿尔巴特街上，红菜汤、饺子与鱼子酱卷土重来，唤醒旧时光的滋味。这些佳肴如老友，带着苏联的温暖回归。街头飘香，令人垂涎。走过此地——你会否品尝到历史的余韵?;;;;fact;传统美食在21世纪重获新生。;RT-0100;;"美食;历史"
QZ-0101-CN;True;cn;moscow;红场;55.75091;37.62280;莫斯科之核;莫斯科有个地方，承载着它的灵魂与荣光。;以下何处被誉为莫斯科的中心?;"特维尔街，繁华之道;红场，历史之冠;列宁山，高远之巅;普希金广场，诗意之隅";1;fact;红场自古是俄国的心脏与象征。;RT-0100;;"文化;问答"
QZ-0102-CN;True;cn;spb;宫殿广场;59.93927;30.31501;白夜之名;白夜中的宫殿广场笼罩着奇幻的光辉。;在白夜里，圣彼得堡被称作什么?;"冰雪王国，寒光闪烁;永不落幕的剧院，戏梦人生;午夜阳光之城，日夜交融;水上皇宫，波光潋滟";2;legend;“午夜阳光之城”是白夜的浪漫别称。;RT-0100;;"城市;传说"
SD-0109-RU;False;ru;moscow;Зарядье парк;55.75255;37.62828;Зарядье — окно в завтра;Парк Зарядье — не просто зелень, а смелый взгляд в будущее: мост-лепесток парит над рекой, стеклянный купол ловит небо, а ландшафты России шепчут о просторах. Это архитектурный танец времени. Пройдись тут — и вдохни гениальность замысла.;;;;fact;Открыт в 2017 году как урбанистический шедевр.;RT-0100;;"урбанистика;ландшафт"
SD-0110-RU;False;ru;moscow;Таганская площадь;55.74189;37.65379;Бункер-42 — тень войны;Под Таганской площадью затаился «Бункер-42» — некогда секретный оплот холодной войны, ныне подземный музей. Его коридоры хранят эхо былых тревог. Спустись вниз — и прикоснись к истории, что пряталась в тени.;;;;fact;Построен в 1950-х для защиты от ядерной угрозы.;RT-0100;;"история;музей"
SD-0111-RU;False;ru;spb;Садовая улица;59.92337;30.32199;Аптекарский огород — сад исцеления;На Садовой улице в XVIII веке расцвёл Аптекарский огород — уголок, где травы для госпиталей и армии шептались с ветром. Сегодня это тихая обитель ботаники, дышащая стариной. Загляни сюда — и вдохни аромат былых времён.;;;;fact;Основан в 1714 году по указу Петра I.;RT-0100;;"медицина;природа"
SD-0112-RU;False;ru;spb;Александровский парк;59.95554;30.31791;Павлины Александровского;В Александровском парке, у стен Петропавловки, павлины гуляют в тени истории, распуская хвосты, как веера былых эпох. Зоопарк хранит их гордую поступь. Пройдись рядом — и встреть этих живых стражей прошлого.;;;;fact;Павлины — редкие гости парка с XIX века.;RT-0100;;"животные;парк"
SD-0113-RU;False;ru;moscow;Улица Солянка;55.75209;37.64235;Подземелья Солянки;Улица Солянка таит сеть подземных ходов — говорят, некоторые тянутся к Кремлю, унося тайны веков. Камни молчат, но слухи шепчут о прошлом. Спускаясь сюда — услышишь ли ты отголоски тех лабиринтов?;;;;legend;Подвалы — часть московских мифов.;RT-0100;;"легенда;археология"
SD-0114-RU;False;ru;spb;Малая Морская, 15;59.93321;30.30889;Дверь без ключа;На Малой Морской, 15, старая дверь не знает замка уже век — то ли суеверие жильцов, то ли промах мастера. Она стоит открытой, словно приглашая время войти. Загляни сюда — и реши, чья тайна её стережёт.;;;;legend;Дверь — загадка с XIX века.;RT-0020;;"мистика;архитектура"
SD-0115-RU;False;ru;moscow;Болотная площадь;55.74170;37.62866;Болотная — от эшафота к словам;На Болотной площади когда-то скрипели виселицы, провожая тени прошлого. Ныне здесь звучат голоса митингов, споры и надежды. Камни хранят смену эпох, суровую и живую. Остановись тут — и вдохни их немую память.;;;;fact;С XVI века площадь знала казни и бунты.;RT-0100;;"топонимика;социология"
SD-0116-RU;False;ru;spb;Греческий проспект;59.92654;30.34517;Греки на Неве;Греческий проспект шепчет о забытой общине XVIII века — греки, торгующие мехами и тканями, оставили след в его имени. Их шаги давно стихли, но названия хранят эхо. Пройдись вдоль — и найди отголоски их былой жизни.;;;;fact;Греки прибыли в Петербург при Петре I.;RT-0100;;"этнография;город"
QZ-0103-RU;True;ru;moscow;Зарядье парк;55.75293;37.62731;Знак грядущего;Парк Зарядье — не просто зелень, а вызов времени.;Что стало его гордой эмблемой, парящей над Москвой?;"Пруд с карпами зеркало воды;Парящий мост дерзкий изгиб;Кремлёвская башня страж веков;Смотровая вышка взгляд ввысь";1;fact;Парящий мост — шедевр 2017 года, символ дерзости.;RT-0100;;"архитектура;викторина"
QZ-0104-RU;True;ru;spb;Греческий проспект;59.92681;30.34392;След чужеземцев;Греческий проспект хранит память о давно ушедших жителях.;Какая народность вдохнула жизнь в эту улицу XVIII века?;"Итальянцы мастера камня;Немцы умельцы ремёсел;Греки гости с юга;Армяне хранители традиций";2;fact;Греки торговали здесь при Петре I.;RT-0100;;"этнография;викторина"
SD-0109-EN;False;en;moscow;Zaryadye Park;55.75281;37.62779;Zaryadye’s Skyward Leap;Zaryadye’s floating bridge isn’t just a lookout — it’s where tomorrow shakes hands with yesterday. Hovering over the river, it’s a slick nod to Moscow’s bold streak. Step onto it — feel the city’s past and future collide.;;;;fact;Unveiled in 2017, it’s an architectural stunner.;RT-0100;;"architecture;urban"
SD-0110-EN;False;en;moscow;Taganskaya Square;55.74122;37.65203;Bunker-42 — Cold War Depths;Beneath Taganskaya Square lurks Bunker-42, a relic built for nuclear doomsday, now a museum with a chill factor. Its tunnels whisper tales of a tense era. Duck underground — touch the edge of history’s shadow.;;;;fact;Dug out in the 1950s for Soviet survival.;RT-0100;;"military;history"
SD-0111-EN;False;en;spb;Aptekarsky Garden;59.92480;30.32087;Herbs of the Tsar;Aptekarsky Garden sprouted to grow healing herbs for Peter the Great’s troops — now it’s a peaceful patch of botanical grace. These beds once nursed empires. Wander through — breathe in the scent of history’s cure.;;;;fact;Kicked off in 1714 by Peter’s decree.;RT-0100;;"nature;medicine"
SD-0112-EN;False;en;spb;Alexander Park;59.95600;30.31812;Peacocks in the Park;In Alexander Park, peacocks strut near Peter and Paul Fortress, flashing feathers like royalty amid the green. They’re living echoes of a grand past. Stroll by — catch their regal dance.;;;;fact;Here since the 19th century, a zookeeper’s whim.;RT-0100;;"animals;park"
SD-0113-EN;False;en;moscow;Solyanka Street;55.75192;37.64297;Solyanka’s Secret Paths;Word is, Solyanka Street hides tunnels snaking toward the Kremlin — or maybe further. These stones tease with whispers of lost routes. Poke around — hear the hum of Moscow’s buried mysteries.;;;;legend;Old cellars fuel tales of underground webs.;RT-0100;;"mystery;underground"
SD-0114-EN;False;en;spb;Malaya Morskaya 15;59.93301;30.30920;The Ever-Open Door;At Malaya Morskaya 15, a wooden door’s stood unlocked for over a century — locals blame superstition, or maybe a carpenter’s slip. It’s an invitation time can’t resist. Pause here — wonder what keeps it ajar.;;;;legend;A quirky riddle since the 19th century.;RT-0020;;"architecture;urban legend"
SD-0115-EN;False;en;moscow;Bolotnaya Square;55.74193;37.62711;Bolotnaya — Echoes of Change;Once gallows loomed over Bolotnaya Square, now it’s a stage for protests and voices. Time’s flipped the script here, from grim ends to lively debates. Stand on these stones — feel history’s shift underfoot.;;;;fact;Executions date back to the 16th century.;RT-0100;;"society;toponymy"
SD-0116-EN;False;en;spb;Greek Avenue;59.92673;30.34442;Greek Avenue’s Lost Traders;Back in the 1700s, Greek merchants hustled furs and fabrics along this quiet stretch. Their legacy’s baked into the name, even if their footsteps faded. Wander down — catch a whiff of that old-world trade.;;;;fact;Greeks settled here under Peter the Great.;RT-0100;;"ethnography;history"
QZ-0103-EN;True;en;moscow;Zaryadye Park;55.75293;37.62849;Zaryadye’s Crown Jewel;Zaryadye Park boasts a standout feature that defines its bold spirit.;What’s the park’s architectural showstopper?;"Glass Dome sleek shelter;Floating Bridge sky dancer;Observation Tower high perch;Solar Pavilion sun catcher";1;fact;The floating bridge, opened in 2017, frames Moscow’s past and present.;RT-0100;;"architecture;quiz"
QZ-0104-EN;True;en;spb;Greek Avenue;59.92652;30.34361;Avenue of Ancestors;Greek Avenue whispers tales of a people who shaped it long ago.;Which group called this street home in the 18th century?;"Italians stone carvers;Germans craft kings;Greeks trade lords;Armenians silk weavers";2;fact;Greeks ran shops and homes here under Peter I.;RT-0100;;"ethnography;quiz"
SD-0109-CN;False;cn;moscow;扎里亚季耶公园;55.75289;37.62751;悬桥—时空交响;扎里亚季耶的悬浮桥不仅是景致，更是历史与未来的低语。它凌空而立，如诗悬于河上。这桥连接昨日与明日。踏上桥面——你会否听见岁月的和弦?;;;;fact;2017年落成，是城市的新地标。;RT-0100;;"建筑;城市"
SD-0110-CN;False;cn;moscow;塔甘卡广场;55.74110;37.65281;冷战暗影—42号地堡;塔甘卡广场下沉睡着“42号地堡”，曾是核战时的隐秘心脏，如今化作博物馆。它的深隧藏着冷战的气息。这片地下诉说无声的紧张。走进深处——你会感到历史的冰冷。;;;;fact;建于1950年代，守护苏联的秘密。;RT-0100;;"军事;历史"
SD-0111-CN;False;cn;spb;药剂师花园;59.92490;30.32108;草药帝国;药剂师花园曾为彼得大帝的军队培育治愈之草，如今化作宁静的绿洲。每一株植物都带着昔日的使命。这园如诗，诉说自然与人的契约。漫步其间——仿佛嗅到药香的往事。;;;;fact;1714年由彼得一世创立。;RT-0100;;"自然;医学"
SD-0112-CN;False;cn;spb;亚历山大公园;59.95584;30.31799;孔雀与古堡;亚历山大公园里，孔雀在彼得保罗要塞旁翩然起舞，羽毛如画映衬历史。它们是岁月的活泼注脚。这片园地融合优雅与野趣。走近一看——你会否为它们的华彩倾倒?;;;;fact;19世纪引入，增添公园风韵。;RT-0100;;"动物;公园"
SD-0113-CN;False;cn;moscow;索良卡街;55.75175;37.64279;地下之谜;索良卡街下据传藏着通往克里姆林宫的秘道，或许更远。它如迷宫，深埋于地，诱人探寻。这街石似在低语未解之谜。驻足此处——你会否听见地底的呼唤?;;;;legend;传说源于古老的地窖传说。;RT-0100;;"传说;地下"
SD-0114-CN;False;cn;spb;小海军街15号;59.93315;30.30929;永不闭的门;小海军街15号的木门百年未锁，似是居民的信念，或匠人的疏忽。它静立如哨，迎接着时光的脚步。这门藏着无声的秘密。凝视它——你会猜是何种魔力守护?;;;;legend;19世纪流传的奇闻至今未解。;RT-0020;;"城市传说;建筑"
SD-0115-CN;False;cn;moscow;沼泽广场;55.74196;37.62740;沼泽广场—从断头台到舞台;沼泽广场曾是绞刑架的肃杀之地，如今化作人民集会与艺术的天地。它如历史的长卷，书写着时代的更替。这片土地静诉变迁的诗篇。驻足此地——你会否听见过去的低鸣?;;;;fact;16世纪起见证 казни，后成现代论坛。;RT-0100;;"社会;地名"
SD-0116-CN;False;cn;spb;希腊大街;59.92662;30.34401;希腊街—商贾遗音;18世纪，希腊商人携皮毛与布匹在这希腊大街织就繁华。如今，喧嚣已逝，唯有街名低吟旧日故事。这条路如书，翻开历史的篇章。漫步其上——仿佛触及当年的交易。;;;;fact;希腊人在彼得一世时代留下足迹。;RT-0100;;"民族;历史"
QZ-0103-CN;True;cn;moscow;扎里亚季耶公园;55.75300;37.62822;建筑之魂;扎里亚季耶公园以一处奇景点亮城市的天际线。;它最具标志性的建筑是何物?;"玻璃穹顶，晶莹之庇;悬浮桥，天河之舞;观景塔，高远之眼;太阳展馆，光芒之殿";1;fact;悬浮桥于2017年问世，俯瞰莫斯科河如画卷。;RT-0100;;"建筑;问答"
QZ-0104-CN;True;cn;spb;希腊大街;59.92678;30.34371;古街故人;希腊大街藏着一段民族的记忆，穿越时光。;18世纪，谁在此街扎根，留下商贸的痕迹?;"意大利人，石艺之匠;德国人，技艺之师;希腊人，南风之客;亚美尼亚人，丝路之友";2;fact;希腊人在彼得一世时建起商肆与家园。;RT-0100;;"民族;问答"
SD-0117-CN;False;zh;spb;彼得保罗要塞;59.95018;30.31827;[F] 邓小平的彼得堡印迹;1920年代，邓小平曾在彼得格勒短暂停留，埋首革命理论的书海。这座要塞见证了他青春的思索，风雪中孕育未来的火光。伫立堡前——你会否听见那段激荡的回音?;;;;fact;1926年邓赴莫斯科途中经停彼得格勒。;RT-0100;邓小平;历史;中俄关系
SD-0118-CN;False;zh;spb;宫殿广场;59.93881;30.31579;[F] 宋庆龄的冬宫掠影;孙中山未曾踏足冬宫，但宋庆龄于1950年代到访，留下中俄情谊的优雅一瞥。她步入宫殿广场，如风过玉阶。这片土地铭记她的倩影。凝望宫墙——你会否忆起她的风华?;;;;fact;1952年宋庆龄访苏时游览冬宫。;RT-0100;宋庆龄;历史;文化交流
SD-0119-CN;False;zh;spb;大剧院广场1号;59.92504;30.29558;[F] 梅兰芳的梨园绝响;1935年，京剧大师梅兰芳在大剧院广场1号献艺，声动四座，观众如醉。📎趣闻：他以俄式蜂蜜润喉，高音清越，惊艳全场。这舞台铭刻他的传奇。驻足此地——你会否听见那悠扬余韵?;;;;fact;梅兰芳1935年访苏演出震动彼得堡。;RT-0100;梅兰芳;表演艺术;文化交流
SD-0120-CN;False;zh;spb;涅瓦大街28号;59.93248;30.34610;[F] 成龙的书肆笑颜;2000年代，成龙漫步圣彼得堡，在涅瓦大街28号书店与粉丝相会，笑容温暖如春。他留下一抹亲切的东方风采。这书肆藏着他的足迹。走入其中——你会否感受到那份欢乐?;;;;fact;成龙2000年代访俄留下温馨瞬间。;RT-0100;成龙;电影;城市漫步
SD-0121-CN;False;zh;spb;涅瓦大街60号;59.93477;30.34490;[F] 巩俐的光影风潮;90年代，巩俐主演的电影在“Аврора”影院首映，掀起观影热浪。她的银幕身影如星，照亮彼得堡的夜空。这影院见证了她的辉煌。凝视此处——你会否忆起那片掌声?;;;;fact;巩俐影片90年代在俄引发轰动。;RT-0100;巩俐;电影;中俄文化
SD-0122-CN;False;zh;spb;莫伊卡河堤岸12号;59.93405;30.31761;[L] 关羽的忠魂显灵;传说武圣关羽曾于莫伊卡河堤岸12号显灵，激励一诗人挥毫忠义之作。📎注：诗人或受京剧启迪，梦中得神助。这河畔似藏武圣之气。伫立河边——你会否感其凛然正气?;;;;legend;传说或源于京剧文化影响。;RT-0020;关羽;传说;忠义
SD-0123-CN;False;zh;spb;阿芙乐尔号巡洋舰;59.95579;30.33743;[L] 郑和的航海幻梦;一位中国水手梦见郑和驾舰而来，预言“阿芙乐尔”号将声震四海。船身静卧，似与古航海家低语。这舰铭刻奇幻一梦。凝视甲板——你会否听见海浪的预言?;;;;legend;梦境象征中俄航海精神的共鸣。;RT-0020;郑和;航海;传说
SD-0124-CN;False;zh;spb;科学院;59.94177;30.29887;[F] 中俄学者的智慧交汇;1950年代，中国学者与圣彼得堡科学院携手，探研民族学的深邃奥秘。他们的合作如灯，照亮学术之径。这院墙铭记东西交融。驻足院前——你会否感受到知识的脉动?;;;;fact;1950年代中苏学术交流成果斐然。;RT-0100;;中俄合作;学术交流
QZ-0105-CN;True;zh;spb;宫殿广场;59.93894;30.31556;[F] 冬宫来客;冬宫曾迎来一位东方佳人，留下文化交融的佳话。;以下哪位中国女性曾踏足此处?;宋美龄，外交之花;林徽因，诗意才女;宋庆龄，革命之光;张爱玲，笔下孤影;2;fact;宋庆龄1952年访苏时游览冬宫。;RT-0100;宋庆龄;中俄文化;问答
QZ-0106-CN;True;zh;spb;彼得保罗要塞;59.94989;30.31643;[F] 水手之魂;“阿芙乐尔”号的水手曾受传奇人物的梦中启迪。;谁在梦境中激励了他们的忠诚与勇气?;岳飞，铁血将军;郑和，航海先驱;戚继光，抗倭英雄;李时珍，药圣隐者;1;legend;郑和的航海精神寄寓于此传说中。;RT-0020;郑和;传说;问答